{
  "Accuracy": 0.9301697530864198,
  "MacroPrecision": 0.7235395357647569,
  "MacroRecall": 0.6532240157756972,
  "MacroF1": 0.6766574416241372,
  "PerClass": {
    "not_recom": {
      "Support": 4320,
      "TruePositives": 4320,
      "FalsePositives": 0,
      "FalseNegatives": 0,
      "Precision": 1,
      "Recall": 1,
      "F1": 1
    },
    "priority": {
      "Support": 4266,
      "TruePositives": 3886,
      "FalsePositives": 523,
      "FalseNegatives": 380,
      "Precision": 0.8813789975051032,
      "Recall": 0.9109235818096577,
      "F1": 0.8959077809798272
    },
    "recommend": {
      "Support": 2,
      "TruePositives": 0,
      "FalsePositives": 0,
      "FalseNegatives": 2,
      "Precision": 0,
      "Recall": 0,
      "F1": 0
    },
    "spec_prior": {
      "Support": 4044,
      "TruePositives": 3705,
      "FalsePositives": 351,
      "FalseNegatives": 339,
      "Precision": 0.9134615384615384,
      "Recall": 0.9161721068249258,
      "F1": 0.9148148148148147
    },
    "very_recom": {
      "Support": 328,
      "TruePositives": 144,
      "FalsePositives": 31,
      "FalseNegatives": 184,
      "Precision": 0.8228571428571428,
      "Recall": 0.43902439024390244,
      "F1": 0.5725646123260437
    }
  }
}